{"image": "000177.jpg", "save_path": "/Users/qipengfei/Desktop/深度学习_期末考试/out/000177.jpg", "objects": [{"class_id": 14, "class_name": "person", "confidence": 0.890256941318512, "box_xyxy": [162.70022583007812, 70.24357604980469, 259.2135009765625, 163.2753448486328], "polygon": [[163.0, 71.0], [163.0, 163.0], [259.0, 163.0], [259.0, 71.0]]}, {"class_id": 14, "class_name": "person", "confidence": 0.8336920738220215, "box_xyxy": [352.6247253417969, 149.33349609375, 499.552734375, 374.245361328125], "polygon": [[396.0, 150.0], [396.0, 159.0], [397.0, 160.0], [397.0, 166.0], [398.0, 167.0], [398.0, 171.0], [400.0, 173.0], [400.0, 176.0], [403.0, 179.0], [403.0, 181.0], [404.0, 182.0], [404.0, 187.0], [403.0, 188.0], [403.0, 195.0], [404.0, 196.0], [404.0, 197.0], [405.0, 198.0], [405.0, 203.0], [406.0, 204.0], [405.0, 205.0], [405.0, 209.0], [403.0, 211.0], [402.0, 211.0], [401.0, 212.0], [401.0, 213.0], [399.0, 215.0], [399.0, 216.0], [397.0, 218.0], [397.0, 221.0], [398.0, 222.0], [398.0, 225.0], [397.0, 226.0], [397.0, 227.0], [395.0, 229.0], [395.0, 233.0], [394.0, 234.0], [394.0, 243.0], [393.0, 244.0], [393.0, 259.0], [392.0, 260.0], [392.0, 263.0], [391.0, 264.0], [392.0, 265.0], [392.0, 270.0], [394.0, 270.0], [395.0, 271.0], [398.0, 271.0], [399.0, 272.0], [400.0, 272.0], [401.0, 273.0], [401.0, 275.0], [400.0, 276.0], [401.0, 277.0], [401.0, 278.0], [402.0, 279.0], [399.0, 282.0], [399.0, 283.0], [401.0, 285.0], [401.0, 286.0], [398.0, 289.0], [395.0, 289.0], [394.0, 290.0], [393.0, 290.0], [392.0, 291.0], [391.0, 290.0], [390.0, 290.0], [389.0, 289.0], [386.0, 289.0], [385.0, 288.0], [385.0, 283.0], [384.0, 282.0], [384.0, 280.0], [383.0, 279.0], [383.0, 266.0], [379.0, 266.0], [378.0, 267.0], [378.0, 269.0], [377.0, 270.0], [377.0, 271.0], [375.0, 273.0], [371.0, 273.0], [370.0, 274.0], [370.0, 276.0], [372.0, 278.0], [372.0, 279.0], [370.0, 281.0], [368.0, 281.0], [367.0, 282.0], [366.0, 282.0], [364.0, 284.0], [363.0, 284.0], [362.0, 283.0], [361.0, 283.0], [360.0, 282.0], [356.0, 282.0], [355.0, 283.0], [354.0, 283.0], [353.0, 282.0], [353.0, 281.0], [353.0, 374.0], [499.0, 374.0], [499.0, 150.0]]}, {"class_id": 14, "class_name": "person", "confidence": 0.8213770389556885, "box_xyxy": [0.17063617706298828, 113.354248046875, 117.74473571777344, 373.9557800292969], "polygon": [[1.0, 114.0], [1.0, 373.0], [117.0, 373.0], [117.0, 243.0], [115.0, 243.0], [114.0, 244.0], [112.0, 244.0], [111.0, 245.0], [110.0, 245.0], [109.0, 246.0], [108.0, 246.0], [107.0, 247.0], [104.0, 247.0], [103.0, 246.0], [94.0, 246.0], [93.0, 245.0], [86.0, 245.0], [85.0, 244.0], [82.0, 244.0], [81.0, 243.0], [80.0, 243.0], [79.0, 242.0], [78.0, 242.0], [77.0, 241.0], [75.0, 241.0], [74.0, 240.0], [73.0, 240.0], [72.0, 239.0], [72.0, 238.0], [71.0, 237.0], [71.0, 221.0], [72.0, 220.0], [72.0, 217.0], [75.0, 214.0], [75.0, 197.0], [76.0, 196.0], [76.0, 193.0], [77.0, 192.0], [77.0, 179.0], [78.0, 178.0], [78.0, 159.0], [79.0, 158.0], [79.0, 145.0], [80.0, 144.0], [80.0, 119.0], [81.0, 118.0], [81.0, 116.0], [83.0, 114.0]]}, {"class_id": 10, "class_name": "diningtable", "confidence": 0.7236457467079163, "box_xyxy": [62.50267028808594, 149.7700653076172, 414.4582824707031, 374.66864013671875], "polygon": [[261.0, 164.0], [260.0, 165.0], [260.0, 166.0], [259.0, 167.0], [259.0, 168.0], [257.0, 170.0], [256.0, 170.0], [255.0, 171.0], [254.0, 171.0], [253.0, 170.0], [252.0, 170.0], [249.0, 167.0], [247.0, 167.0], [246.0, 166.0], [243.0, 166.0], [242.0, 165.0], [223.0, 165.0], [222.0, 166.0], [220.0, 166.0], [219.0, 167.0], [210.0, 167.0], [206.0, 171.0], [205.0, 171.0], [204.0, 172.0], [196.0, 172.0], [195.0, 171.0], [193.0, 171.0], [192.0, 170.0], [190.0, 170.0], [189.0, 169.0], [185.0, 169.0], [183.0, 171.0], [183.0, 172.0], [181.0, 174.0], [180.0, 174.0], [178.0, 176.0], [176.0, 176.0], [175.0, 177.0], [173.0, 177.0], [173.0, 178.0], [172.0, 179.0], [172.0, 182.0], [171.0, 183.0], [171.0, 186.0], [170.0, 187.0], [170.0, 189.0], [168.0, 191.0], [168.0, 192.0], [167.0, 193.0], [167.0, 196.0], [166.0, 197.0], [166.0, 203.0], [165.0, 204.0], [165.0, 208.0], [164.0, 209.0], [164.0, 210.0], [163.0, 211.0], [162.0, 211.0], [160.0, 213.0], [160.0, 215.0], [159.0, 216.0], [159.0, 219.0], [156.0, 222.0], [155.0, 222.0], [154.0, 223.0], [154.0, 228.0], [153.0, 229.0], [153.0, 232.0], [148.0, 237.0], [148.0, 238.0], [146.0, 240.0], [146.0, 241.0], [144.0, 243.0], [144.0, 244.0], [142.0, 246.0], [141.0, 246.0], [139.0, 248.0], [139.0, 250.0], [138.0, 251.0], [139.0, 251.0], [140.0, 252.0], [140.0, 253.0], [141.0, 254.0], [141.0, 255.0], [139.0, 257.0], [138.0, 257.0], [137.0, 258.0], [136.0, 258.0], [134.0, 260.0], [133.0, 260.0], [133.0, 264.0], [134.0, 265.0], [134.0, 266.0], [135.0, 267.0], [135.0, 272.0], [134.0, 273.0], [134.0, 276.0], [133.0, 277.0], [133.0, 288.0], [134.0, 289.0], [134.0, 302.0], [133.0, 303.0], [133.0, 308.0], [132.0, 309.0], [132.0, 311.0], [131.0, 312.0], [131.0, 314.0], [130.0, 315.0], [130.0, 316.0], [129.0, 317.0], [129.0, 319.0], [128.0, 320.0], [128.0, 324.0], [127.0, 325.0], [127.0, 327.0], [126.0, 328.0], [125.0, 328.0], [124.0, 329.0], [122.0, 329.0], [121.0, 330.0], [120.0, 330.0], [119.0, 331.0], [119.0, 332.0], [118.0, 333.0], [116.0, 333.0], [115.0, 334.0], [113.0, 334.0], [112.0, 333.0], [111.0, 333.0], [110.0, 332.0], [111.0, 331.0], [111.0, 329.0], [109.0, 329.0], [109.0, 330.0], [110.0, 331.0], [110.0, 332.0], [109.0, 333.0], [109.0, 339.0], [110.0, 340.0], [110.0, 341.0], [111.0, 342.0], [111.0, 343.0], [112.0, 343.0], [114.0, 345.0], [115.0, 345.0], [118.0, 348.0], [117.0, 349.0], [117.0, 351.0], [116.0, 352.0], [115.0, 352.0], [114.0, 353.0], [113.0, 353.0], [112.0, 354.0], [110.0, 354.0], [110.0, 355.0], [109.0, 356.0], [109.0, 357.0], [108.0, 358.0], [108.0, 359.0], [107.0, 360.0], [106.0, 360.0], [106.0, 361.0], [104.0, 363.0], [100.0, 363.0], [99.0, 362.0], [98.0, 362.0], [96.0, 364.0], [95.0, 364.0], [92.0, 367.0], [92.0, 368.0], [91.0, 369.0], [91.0, 370.0], [88.0, 373.0], [88.0, 374.0], [414.0, 374.0], [414.0, 359.0], [409.0, 359.0], [408.0, 358.0], [393.0, 358.0], [392.0, 357.0], [389.0, 357.0], [388.0, 358.0], [377.0, 358.0], [376.0, 357.0], [375.0, 357.0], [374.0, 358.0], [373.0, 358.0], [371.0, 356.0], [371.0, 355.0], [368.0, 352.0], [367.0, 352.0], [366.0, 351.0], [365.0, 351.0], [364.0, 350.0], [363.0, 350.0], [362.0, 349.0], [361.0, 349.0], [360.0, 348.0], [357.0, 348.0], [356.0, 347.0], [354.0, 347.0], [351.0, 344.0], [351.0, 343.0], [350.0, 342.0], [350.0, 335.0], [349.0, 334.0], [349.0, 333.0], [348.0, 332.0], [348.0, 318.0], [347.0, 317.0], [347.0, 315.0], [346.0, 314.0], [346.0, 309.0], [345.0, 308.0], [345.0, 298.0], [343.0, 298.0], [342.0, 297.0], [341.0, 298.0], [341.0, 303.0], [342.0, 304.0], [339.0, 307.0], [338.0, 307.0], [335.0, 304.0], [335.0, 303.0], [331.0, 299.0], [331.0, 297.0], [329.0, 295.0], [329.0, 294.0], [328.0, 293.0], [328.0, 291.0], [327.0, 291.0], [324.0, 288.0], [324.0, 287.0], [323.0, 286.0], [323.0, 285.0], [322.0, 284.0], [322.0, 280.0], [321.0, 279.0], [320.0, 279.0], [319.0, 278.0], [319.0, 277.0], [318.0, 276.0], [318.0, 274.0], [319.0, 273.0], [319.0, 268.0], [318.0, 267.0], [319.0, 266.0], [319.0, 257.0], [318.0, 256.0], [318.0, 248.0], [317.0, 247.0], [317.0, 243.0], [316.0, 242.0], [316.0, 234.0], [315.0, 233.0], [315.0, 226.0], [314.0, 225.0], [314.0, 223.0], [312.0, 221.0], [310.0, 221.0], [308.0, 219.0], [308.0, 218.0], [303.0, 213.0], [303.0, 211.0], [301.0, 209.0], [300.0, 209.0], [297.0, 206.0], [297.0, 205.0], [292.0, 200.0], [292.0, 199.0], [291.0, 198.0], [291.0, 197.0], [289.0, 195.0], [288.0, 195.0], [284.0, 191.0], [284.0, 189.0], [283.0, 188.0], [283.0, 186.0], [279.0, 182.0], [279.0, 181.0], [277.0, 179.0], [277.0, 178.0], [276.0, 177.0], [276.0, 173.0], [273.0, 173.0], [272.0, 172.0], [268.0, 172.0], [264.0, 168.0], [264.0, 166.0], [263.0, 165.0], [263.0, 164.0]]}, {"class_id": 14, "class_name": "person", "confidence": 0.6146019697189331,