{"image": "001159.jpg", "save_path": "out/001159.jpg", "objects": [{"class_id": 14, "class_name": "person", "confidence": 0.7952208518981934, "box_xyxy": [234.8114013671875, 240.2833709716797, 312.2882385253906, 340.6883544921875], "polygon": [[235.0, 241.0], [235.0, 340.0], [312.0, 340.0], [312.0, 241.0]]}, {"class_id": 14, "class_name": "person", "confidence": 0.5421950221061707, "box_xyxy": [167.09439086914062, 85.2942886352539, 285.36920166015625, 185.29962158203125], "polygon": [[187.0, 86.0], [187.0, 87.0], [188.0, 88.0], [189.0, 88.0], [190.0, 89.0], [193.0, 89.0], [193.0, 88.0], [195.0, 86.0], [196.0, 87.0], [198.0, 87.0], [199.0, 88.0], [201.0, 88.0], [201.0, 86.0], [187.0, 86.0], [181.0, 86.0], [168.0, 86.0], [168.0, 185.0], [285.0, 185.0], [285.0, 86.0], [222.0, 86.0], [222.0, 91.0], [223.0, 92.0], [223.0, 97.0], [222.0, 98.0], [222.0, 103.0], [221.0, 104.0], [221.0, 105.0], [220.0, 106.0], [219.0, 106.0], [215.0, 110.0], [212.0, 110.0], [211.0, 111.0], [209.0, 109.0], [205.0, 109.0], [204.0, 110.0], [203.0, 110.0], [200.0, 113.0], [199.0, 113.0], [197.0, 115.0], [195.0, 115.0], [194.0, 116.0], [194.0, 117.0], [195.0, 118.0], [199.0, 118.0], [201.0, 120.0], [201.0, 125.0], [198.0, 128.0], [197.0, 128.0], [196.0, 129.0], [192.0, 129.0], [191.0, 128.0], [190.0, 128.0], [189.0, 127.0], [185.0, 127.0], [184.0, 126.0], [182.0, 126.0], [181.0, 125.0], [181.0, 123.0], [182.0, 122.0], [182.0, 121.0], [183.0, 120.0], [183.0, 119.0], [184.0, 118.0], [187.0, 118.0], [188.0, 117.0], [188.0, 115.0], [186.0, 115.0], [185.0, 114.0], [185.0, 111.0], [184.0, 111.0], [183.0, 110.0], [182.0, 110.0], [181.0, 109.0], [181.0, 106.0], [182.0, 105.0], [184.0, 105.0], [184.0, 102.0], [185.0, 101.0], [182.0, 98.0], [182.0, 96.0], [181.0, 95.0], [181.0, 86.0]]}, {"class_id": 17, "class_name": "sofa", "confidence": 0.4146867096424103, "box_xyxy": [6.937345027923584, 235.83517456054688, 341.60955810546875, 372.8440856933594], "polygon": [[7.0, 236.0], [7.0, 372.0], [341.0, 372.0], [341.0, 236.0]]}]}