{"image": "005091.jpg", "save_path": "/Users/qipengfei/Desktop/深度学习_期末考试/out/005091.jpg", "objects": [{"class_id": 6, "class_name": "car", "confidence": 0.895680844783783, "box_xyxy": [50.493980407714844, 69.77373504638672, 197.38076782226562, 151.4813995361328], "polygon": [[51.0, 70.0], [51.0, 151.0], [197.0, 151.0], [197.0, 70.0]]}, {"class_id": 6, "class_name": "car", "confidence": 0.8514906167984009, "box_xyxy": [207.6781768798828, 136.52056884765625, 429.1741027832031, 253.04098510742188], "polygon": [[429.0, 163.0], [429.0, 163.0], [429.0, 151.0], [429.0, 170.0], [428.0, 171.0], [426.0, 171.0], [425.0, 172.0], [420.0, 172.0], [419.0, 171.0], [396.0, 171.0], [395.0, 172.0], [391.0, 172.0], [390.0, 173.0], [377.0, 173.0], [376.0, 174.0], [371.0, 174.0], [370.0, 175.0], [366.0, 175.0], [364.0, 177.0], [362.0, 177.0], [361.0, 178.0], [357.0, 178.0], [356.0, 179.0], [354.0, 179.0], [353.0, 180.0], [352.0, 180.0], [351.0, 181.0], [348.0, 181.0], [347.0, 180.0], [346.0, 180.0], [345.0, 179.0], [344.0, 179.0], [343.0, 178.0], [343.0, 177.0], [344.0, 176.0], [341.0, 173.0], [341.0, 172.0], [339.0, 170.0], [339.0, 169.0], [334.0, 169.0], [332.0, 167.0], [331.0, 167.0], [330.0, 166.0], [325.0, 166.0], [324.0, 165.0], [323.0, 165.0], [314.0, 156.0], [314.0, 154.0], [312.0, 154.0], [311.0, 155.0], [310.0, 154.0], [310.0, 153.0], [309.0, 152.0], [309.0, 149.0], [308.0, 148.0], [308.0, 147.0], [306.0, 147.0], [305.0, 146.0], [301.0, 146.0], [300.0, 145.0], [298.0, 145.0], [297.0, 144.0], [297.0, 141.0], [295.0, 139.0], [295.0, 137.0], [208.0, 137.0], [208.0, 253.0], [429.0, 253.0], [429.0, 170.0], [429.0, 151.0], [429.0, 137.0], [420.0, 137.0], [420.0, 138.0], [423.0, 141.0], [422.0, 142.0], [422.0, 143.0], [421.0, 144.0], [422.0, 144.0], [423.0, 145.0], [424.0, 145.0], [427.0, 148.0], [427.0, 149.0], [429.0, 151.0]]}, {"class_id": 6, "class_name": "car", "confidence": 0.733544111251831, "box_xyxy": [254.6250457763672, 95.54510498046875, 437.0412902832031, 170.85963439941406], "polygon": [[255.0, 96.0], [255.0, 170.0], [437.0, 170.0], [437.0, 96.0]]}]}