{"image": "006668.jpg", "save_path": "out/006668.jpg", "objects": [{"class_id": 6, "class_name": "car", "confidence": 0.8684864640235901, "box_xyxy": [99.3324966430664, 31.212871551513672, 429.8910217285156, 327.0755920410156], "polygon": [[100.0, 32.0], [100.0, 73.0], [101.0, 73.0], [102.0, 72.0], [105.0, 72.0], [106.0, 73.0], [116.0, 73.0], [119.0, 76.0], [122.0, 76.0], [123.0, 77.0], [127.0, 77.0], [128.0, 76.0], [134.0, 76.0], [136.0, 78.0], [136.0, 79.0], [137.0, 80.0], [136.0, 81.0], [136.0, 83.0], [135.0, 84.0], [136.0, 85.0], [136.0, 95.0], [137.0, 96.0], [137.0, 106.0], [136.0, 107.0], [136.0, 109.0], [135.0, 110.0], [134.0, 110.0], [134.0, 111.0], [133.0, 112.0], [133.0, 118.0], [135.0, 120.0], [135.0, 125.0], [136.0, 126.0], [136.0, 127.0], [137.0, 128.0], [136.0, 129.0], [136.0, 130.0], [133.0, 133.0], [133.0, 134.0], [132.0, 135.0], [132.0, 137.0], [131.0, 138.0], [131.0, 141.0], [130.0, 142.0], [130.0, 143.0], [129.0, 144.0], [129.0, 151.0], [130.0, 152.0], [130.0, 155.0], [128.0, 157.0], [128.0, 160.0], [127.0, 161.0], [127.0, 164.0], [126.0, 165.0], [126.0, 166.0], [125.0, 167.0], [125.0, 168.0], [124.0, 169.0], [123.0, 169.0], [122.0, 170.0], [122.0, 172.0], [119.0, 175.0], [119.0, 176.0], [117.0, 178.0], [115.0, 178.0], [115.0, 182.0], [114.0, 183.0], [114.0, 185.0], [113.0, 186.0], [112.0, 186.0], [111.0, 187.0], [111.0, 189.0], [110.0, 190.0], [110.0, 193.0], [108.0, 195.0], [108.0, 197.0], [107.0, 198.0], [107.0, 202.0], [106.0, 203.0], [106.0, 206.0], [105.0, 207.0], [104.0, 207.0], [103.0, 208.0], [103.0, 209.0], [101.0, 211.0], [100.0, 211.0], [100.0, 327.0], [429.0, 327.0], [429.0, 32.0]]}, {"class_id": 14, "class_name": "person", "confidence": 0.8254424929618835, "box_xyxy": [37.569305419921875, 71.2508544921875, 128.7616424560547, 212.05934143066406], "polygon": [[38.0, 72.0], [38.0, 212.0], [128.0, 212.0], [128.0, 72.0]]}, {"class_id": 14, "class_name": "person", "confidence": 0.7595102787017822, "box_xyxy": [0.32912492752075195, 0.0, 58.38602066040039, 249.71859741210938], "polygon": [[1.0, 0.0], [1.0, 249.0], [58.0, 249.0], [58.0, 142.0], [55.0, 145.0], [53.0, 143.0], [53.0, 140.0], [52.0, 139.0], [50.0, 139.0], [49.0, 138.0], [49.0, 137.0], [48.0, 136.0], [48.0, 134.0], [49.0, 133.0], [49.0, 132.0], [52.0, 129.0], [53.0, 129.0], [54.0, 128.0], [54.0, 127.0], [55.0, 126.0], [56.0, 126.0], [55.0, 126.0], [51.0, 122.0], [51.0, 117.0], [52.0, 116.0], [52.0, 115.0], [54.0, 113.0], [54.0, 112.0], [55.0, 111.0], [56.0, 112.0], [58.0, 112.0], [58.0, 0.0]]}]}