{"image": "007056.jpg", "save_path": "out/007056.jpg", "objects": [{"class_id": 4, "class_name": "bottle", "confidence": 0.9063231348991394, "box_xyxy": [0.0, 0.9684244990348816, 230.0, 347.4524230957031], "polygon": [[0.0, 1.0], [0.0, 347.0], [229.0, 347.0], [229.0, 1.0]]}, {"class_id": 4, "class_name": "bottle", "confidence": 0.4895581305027008, "box_xyxy": [0.0, 163.35659790039062, 230.0, 500.0], "polygon": [[0.0, 164.0], [0.0, 499.0], [229.0, 499.0], [229.0, 164.0]]}]}