{"image": "009190.jpg", "save_path": "out/009190.jpg", "objects": [{"class_id": 11, "class_name": "dog", "confidence": 0.4472670555114746, "box_xyxy": [84.4384536743164, 59.694671630859375, 470.22821044921875, 398.2681884765625], "polygon": [[85.0, 60.0], [85.0, 398.0], [470.0, 398.0], [470.0, 60.0]]}, {"class_id": 2, "class_name": "bird", "confidence": 0.4151432514190674, "box_xyxy": [116.42011260986328, 59.801612854003906, 465.8846130371094, 407.7764587402344], "polygon": [[117.0, 60.0], [117.0, 407.0], [465.0, 407.0], [465.0, 60.0]]}]}