{"image": "009119.jpg", "save_path": "out/009119.jpg", "objects": [{"class_id": 6, "class_name": "car", "confidence": 0.7959921360015869, "box_xyxy": [158.98976135253906, 172.9236602783203, 452.56927490234375, 301.4913024902344], "polygon": [[159.0, 173.0], [159.0, 301.0], [452.0, 301.0], [452.0, 173.0]]}, {"class_id": 14, "class_name": "person", "confidence": 0.7627884149551392, "box_xyxy": [460.5288391113281, 141.8046417236328, 491.8672180175781, 224.48272705078125], "polygon": [[461.0, 142.0], [461.0, 224.0], [491.0, 224.0], [491.0, 142.0]]}]}