{"image": "2008_001998.jpg", "save_path": "out/2008_001998.jpg", "objects": [{"class_id": 14, "class_name": "person", "confidence": 0.7554885149002075, "box_xyxy": [14.386433601379395, 40.18516540527344, 190.25247192382812, 287.2812194824219], "polygon": [[15.0, 41.0], [15.0, 287.0], [190.0, 287.0], [190.0, 41.0]]}, {"class_id": 14, "class_name": "person", "confidence": 0.4278292953968048, "box_xyxy": [223.39683532714844, 56.36615753173828, 489.0630798339844, 317.7020568847656], "polygon": [[224.0, 57.0], [224.0, 317.0], [489.0, 317.0], [489.0, 57.0]]}, {"class_id": 14, "class_name": "person", "confidence": 0.4191931486129761, "box_xyxy": [347.0064392089844, 68.00985717773438, 497.052001953125, 324.71575927734375], "polygon": [[348.0, 69.0], [348.0, 324.0], [497.0, 324.0], [497.0, 69.0]]}]}