{"image": "2008_004292.jpg", "save_path": "out/2008_004292.jpg", "objects": [{"class_id": 16, "class_name": "sheep", "confidence": 0.9052099585533142, "box_xyxy": [282.95001220703125, 225.2709503173828, 350.9645690917969, 277.54840087890625], "polygon": [[283.0, 226.0], [283.0, 277.0], [350.0, 277.0], [350.0, 226.0]]}, {"class_id": 16, "class_name": "sheep", "confidence": 0.8252737522125244, "box_xyxy": [476.4329528808594, 238.3007049560547, 496.5743713378906, 263.57318115234375], "polygon": [[477.0, 239.0], [477.0, 263.0], [496.0, 263.0], [496.0, 239.0]]}]}