{"image": "2009_000017.jpg", "save_path": "out/2009_000017.jpg", "objects": [{"class_id": 14, "class_name": "person", "confidence": 0.8850095272064209, "box_xyxy": [198.14964294433594, 98.35687255859375, 251.7372589111328, 262.5085754394531], "polygon": [[199.0, 99.0], [199.0, 262.0], [251.0, 262.0], [251.0, 99.0]]}, {"class_id": 12, "class_name": "horse", "confidence": 0.7252956628799438, "box_xyxy": [142.67173767089844, 164.88331604003906, 362.5210876464844, 333.7615966796875], "polygon": [[143.0, 165.0], [143.0, 333.0], [362.0, 333.0], [362.0, 165.0], [321.0, 165.0], [320.0, 166.0], [320.0, 169.0], [321.0, 170.0], [321.0, 177.0], [322.0, 178.0], [322.0, 184.0], [323.0, 185.0], [323.0, 187.0], [322.0, 188.0], [321.0, 188.0], [320.0, 189.0], [320.0, 190.0], [319.0, 191.0], [317.0, 191.0], [315.0, 193.0], [315.0, 194.0], [312.0, 197.0], [305.0, 197.0], [303.0, 195.0], [303.0, 192.0], [302.0, 191.0], [302.0, 190.0], [297.0, 190.0], [296.0, 189.0], [293.0, 189.0], [292.0, 190.0], [284.0, 190.0], [283.0, 189.0], [280.0, 189.0], [279.0, 188.0], [274.0, 188.0], [273.0, 189.0], [271.0, 189.0], [269.0, 191.0], [268.0, 191.0], [268.0, 193.0], [269.0, 193.0], [271.0, 195.0], [271.0, 197.0], [270.0, 198.0], [270.0, 199.0], [269.0, 200.0], [269.0, 208.0], [270.0, 209.0], [270.0, 212.0], [271.0, 213.0], [276.0, 213.0], [277.0, 212.0], [278.0, 212.0], [279.0, 213.0], [281.0, 213.0], [282.0, 214.0], [282.0, 215.0], [284.0, 215.0], [285.0, 216.0], [285.0, 217.0], [286.0, 218.0], [287.0, 218.0], [288.0, 219.0], [289.0, 219.0], [291.0, 221.0], [291.0, 222.0], [294.0, 222.0], [295.0, 223.0], [295.0, 228.0], [294.0, 229.0], [294.0, 231.0], [295.0, 232.0], [295.0, 234.0], [294.0, 235.0], [293.0, 235.0], [293.0, 236.0], [292.0, 237.0], [293.0, 238.0], [293.0, 241.0], [291.0, 243.0], [291.0, 244.0], [290.0, 245.0], [290.0, 246.0], [295.0, 246.0], [296.0, 245.0], [297.0, 246.0], [297.0, 242.0], [299.0, 240.0], [300.0, 240.0], [300.0, 235.0], [299.0, 234.0], [299.0, 233.0], [301.0, 231.0], [303.0, 231.0], [304.0, 230.0], [304.0, 229.0], [305.0, 228.0], [306.0, 228.0], [309.0, 231.0], [309.0, 234.0], [311.0, 236.0], [311.0, 237.0], [312.0, 237.0], [313.0, 238.0], [321.0, 230.0], [322.0, 231.0], [322.0, 232.0], [325.0, 235.0], [325.0, 239.0], [324.0, 240.0], [324.0, 241.0], [323.0, 242.0], [323.0, 244.0], [322.0, 245.0], [322.0, 246.0], [321.0, 247.0], [320.0, 247.0], [319.0, 248.0], [318.0, 248.0], [316.0, 246.0], [313.0, 246.0], [311.0, 248.0], [311.0, 250.0], [310.0, 251.0], [310.0, 259.0], [311.0, 260.0], [311.0, 269.0], [310.0, 270.0], [310.0, 271.0], [308.0, 273.0], [307.0, 272.0], [306.0, 272.0], [303.0, 269.0], [301.0, 269.0], [300.0, 268.0], [301.0, 267.0], [301.0, 266.0], [302.0, 265.0], [303.0, 265.0], [301.0, 265.0], [300.0, 264.0], [299.0, 265.0], [299.0, 268.0], [297.0, 270.0], [296.0, 270.0], [295.0, 271.0], [295.0, 275.0], [294.0, 276.0], [292.0, 276.0], [291.0, 275.0], [290.0, 275.0], [288.0, 273.0], [280.0, 273.0], [276.0, 269.0], [276.0, 268.0], [275.0, 267.0], [274.0, 267.0], [273.0, 266.0], [270.0, 266.0], [269.0, 267.0], [258.0, 267.0], [257.0, 266.0], [250.0, 266.0], [249.0, 267.0], [246.0, 267.0], [246.0, 268.0], [244.0, 270.0], [243.0, 269.0], [242.0, 269.0], [241.0, 268.0], [241.0, 267.0], [236.0, 267.0], [234.0, 269.0], [232.0, 269.0], [231.0, 268.0], [230.0, 269.0], [221.0, 269.0], [219.0, 267.0], [217.0, 267.0], [216.0, 266.0], [214.0, 266.0], [213.0, 267.0], [205.0, 267.0], [205.0, 268.0], [204.0, 269.0], [204.0, 270.0], [202.0, 272.0], [201.0, 271.0], [198.0, 271.0], [197.0, 272.0], [195.0, 272.0], [194.0, 271.0], [192.0, 271.0], [191.0, 270.0], [191.0, 267.0], [183.0, 267.0], [182.0, 266.0], [180.0, 266.0], [179.0, 265.0], [179.0, 264.0], [177.0, 262.0], [174.0, 262.0], [172.0, 260.0], [172.0, 248.0], [171.0, 247.0], [171.0, 246.0], [170.0, 245.0], [170.0, 237.0], [169.0, 236.0], [169.0, 235.0], [165.0, 231.0], [165.0, 229.0], [166.0, 228.0], [168.0, 228.0], [168.0, 223.0], [169.0, 222.0], [169.0, 211.0], [168.0, 210.0], [167.0, 210.0], [166.0, 209.0], [166.0, 207.0], [165.0, 206.0], [165.0, 202.0], [166.0, 201.0], [165.0, 200.0], [165.0, 195.0], [166.0, 194.0], [166.0, 190.0], [167.0, 189.0], [167.0, 188.0], [168.0, 187.0], [169.0, 187.0], [169.0, 186.0], [172.0, 183.0], [172.0, 182.0], [173.0, 181.0], [173.0, 178.0], [174.0, 177.0], [175.0, 177.0], [177.0, 175.0], [178.0, 175.0], [179.0, 174.0], [181.0, 174.0], [181.0, 171.0], [184.0, 168.0], [187.0, 168.0], [188.0, 167.0], [188.0, 165.0]]}, {"class_id": 12, "class_name": "horse", "confidence": 0.6966562271118164, "box_xyxy": [271.110107421875, 143.46279907226562, 437.9365539550781, 332.0701599121094],