{"image": "2010_003981.jpg", "save_path": "out/2010_003981.jpg", "objects": [{"class_id": 6, "class_name": "car", "confidence": 0.840056300163269, "box_xyxy": [0.4573822021484375, 42.12290573120117, 154.41140747070312, 186.15667724609375], "polygon": [[1.0, 43.0], [1.0, 186.0], [154.0, 186.0], [154.0, 43.0]]}, {"class_id": 6, "class_name": "car", "confidence": 0.749586284160614, "box_xyxy": [185.93348693847656, 18.92399787902832, 440.9028015136719, 280.6443176269531], "polygon": [[186.0, 19.0], [186.0, 280.0], [440.0, 280.0], [440.0, 19.0]]}, {"class_id": 6, "class_name": "car", "confidence": 0.36199629306793213, "box_xyxy": [46.4676399230957, 15.889143943786621, 345.3998718261719, 269.09185791015625], "polygon": [[49.0, 154.0], [49.0, 154.0], [71.0, 154.0], [72.0, 155.0], [72.0, 161.0], [71.0, 162.0], [71.0, 173.0], [70.0, 174.0], [70.0, 175.0], [69.0, 176.0], [69.0, 177.0], [71.0, 179.0], [68.0, 182.0], [65.0, 182.0], [62.0, 185.0], [48.0, 185.0], [47.0, 184.0], [47.0, 269.0], [345.0, 269.0], [345.0, 16.0], [47.0, 16.0], [47.0, 68.0], [48.0, 69.0], [50.0, 69.0], [51.0, 68.0], [51.0, 64.0], [52.0, 63.0], [52.0, 61.0], [53.0, 60.0], [53.0, 59.0], [56.0, 56.0], [57.0, 56.0], [59.0, 54.0], [64.0, 54.0], [65.0, 53.0], [67.0, 53.0], [68.0, 52.0], [69.0, 52.0], [70.0, 51.0], [71.0, 51.0], [72.0, 50.0], [75.0, 50.0], [77.0, 48.0], [78.0, 48.0], [79.0, 47.0], [88.0, 47.0], [90.0, 45.0], [91.0, 45.0], [92.0, 44.0], [94.0, 44.0], [95.0, 43.0], [97.0, 43.0], [98.0, 42.0], [116.0, 42.0], [117.0, 41.0], [133.0, 41.0], [134.0, 40.0], [139.0, 40.0], [140.0, 39.0], [142.0, 39.0], [143.0, 38.0], [145.0, 38.0], [146.0, 39.0], [147.0, 39.0], [148.0, 38.0], [150.0, 38.0], [154.0, 42.0], [154.0, 43.0], [155.0, 43.0], [158.0, 46.0], [158.0, 49.0], [157.0, 50.0], [156.0, 50.0], [155.0, 51.0], [155.0, 55.0], [156.0, 56.0], [156.0, 57.0], [158.0, 59.0], [160.0, 59.0], [161.0, 58.0], [163.0, 58.0], [163.0, 57.0], [164.0, 56.0], [170.0, 56.0], [171.0, 55.0], [179.0, 55.0], [180.0, 54.0], [181.0, 55.0], [181.0, 54.0], [183.0, 52.0], [185.0, 52.0], [185.0, 51.0], [186.0, 50.0], [187.0, 50.0], [190.0, 47.0], [199.0, 47.0], [200.0, 48.0], [202.0, 48.0], [203.0, 49.0], [205.0, 49.0], [206.0, 48.0], [207.0, 48.0], [208.0, 47.0], [210.0, 47.0], [211.0, 46.0], [213.0, 46.0], [213.0, 45.0], [215.0, 43.0], [220.0, 43.0], [223.0, 46.0], [222.0, 47.0], [221.0, 47.0], [220.0, 48.0], [219.0, 47.0], [218.0, 48.0], [217.0, 48.0], [217.0, 51.0], [216.0, 52.0], [217.0, 52.0], [219.0, 54.0], [219.0, 57.0], [217.0, 59.0], [216.0, 59.0], [212.0, 63.0], [212.0, 64.0], [211.0, 65.0], [212.0, 66.0], [208.0, 70.0], [206.0, 70.0], [205.0, 71.0], [203.0, 71.0], [202.0, 72.0], [197.0, 72.0], [196.0, 73.0], [194.0, 73.0], [191.0, 76.0], [191.0, 77.0], [189.0, 79.0], [188.0, 79.0], [186.0, 81.0], [185.0, 81.0], [184.0, 82.0], [183.0, 82.0], [183.0, 83.0], [182.0, 84.0], [180.0, 84.0], [179.0, 85.0], [177.0, 85.0], [172.0, 90.0], [171.0, 90.0], [170.0, 91.0], [168.0, 91.0], [167.0, 92.0], [167.0, 93.0], [165.0, 95.0], [163.0, 95.0], [162.0, 96.0], [155.0, 96.0], [152.0, 99.0], [148.0, 99.0], [147.0, 98.0], [147.0, 97.0], [148.0, 96.0], [147.0, 95.0], [146.0, 95.0], [145.0, 96.0], [141.0, 96.0], [140.0, 97.0], [139.0, 97.0], [138.0, 98.0], [139.0, 99.0], [139.0, 100.0], [140.0, 101.0], [140.0, 104.0], [142.0, 104.0], [145.0, 107.0], [145.0, 108.0], [144.0, 109.0], [139.0, 109.0], [138.0, 110.0], [137.0, 110.0], [135.0, 108.0], [135.0, 106.0], [134.0, 106.0], [133.0, 105.0], [125.0, 105.0], [124.0, 106.0], [123.0, 106.0], [123.0, 108.0], [121.0, 110.0], [120.0, 110.0], [119.0, 111.0], [118.0, 111.0], [118.0, 113.0], [117.0, 114.0], [118.0, 115.0], [118.0, 117.0], [117.0, 118.0], [117.0, 119.0], [114.0, 122.0], [112.0, 122.0], [111.0, 123.0], [110.0, 123.0], [110.0, 124.0], [109.0, 125.0], [109.0, 128.0], [110.0, 129.0], [110.0, 131.0], [108.0, 133.0], [108.0, 136.0], [106.0, 138.0], [105.0, 138.0], [102.0, 141.0], [100.0, 141.0], [98.0, 139.0], [97.0, 139.0], [96.0, 138.0], [93.0, 138.0], [91.0, 136.0], [91.0, 132.0], [84.0, 132.0], [84.0, 134.0], [83.0, 135.0], [83.0, 137.0], [79.0, 141.0], [78.0, 141.0], [77.0, 142.0], [77.0, 144.0], [76.0, 145.0], [76.0, 146.0], [75.0, 147.0], [74.0, 147.0], [74.0, 151.0], [73.0, 152.0], [73.0, 153.0], [72.0, 154.0], [71.0, 154.0]]}]}